<?xml version="1.0" encoding="UTF-8"?>
<root>
  <item name="com.google.firebase.messaging.Constants.ScionAnalytics.MessageType">
    <annotation name="androidx.annotation.StringDef">
      <val name="value" val="{com.google.firebase.messaging.Constants.ScionAnalytics.MessageType.DATA_MESSAGE, com.google.firebase.messaging.Constants.ScionAnalytics.MessageType.DISPLAY_NOTIFICATION}" />
    </annotation>
  </item>
  <item name="com.google.firebase.messaging.MessagingAnalytics int getMessagePriorityForFirelog(android.os.Bundle)">
    <annotation name="androidx.annotation.IntDef">
      <val name="value" val="{com.google.firebase.messaging.Constants.FirelogAnalytics.MessagePriority.UNKNOWN, com.google.firebase.messaging.Constants.FirelogAnalytics.MessagePriority.NORMAL, com.google.firebase.messaging.Constants.FirelogAnalytics.MessagePriority.HIGH}" />
    </annotation>
  </item>
  <item name="com.google.firebase.messaging.Metadata iidImplementation">
    <annotation name="androidx.annotation.IntDef">
      <val name="value" val="{com.google.firebase.messaging.Metadata.GMSCORE_NOT_FOUND, com.google.firebase.messaging.Metadata.IID_VIA_SERVICE, com.google.firebase.messaging.Metadata.IID_VIA_RECEIVER}" />
    </annotation>
  </item>
  <item name="com.google.firebase.messaging.Metadata int getIidImplementation()">
    <annotation name="androidx.annotation.IntDef">
      <val name="value" val="{com.google.firebase.messaging.Metadata.GMSCORE_NOT_FOUND, com.google.firebase.messaging.Metadata.IID_VIA_SERVICE, com.google.firebase.messaging.Metadata.IID_VIA_RECEIVER}" />
    </annotation>
  </item>
  <item name="com.google.firebase.messaging.RemoteMessage int getMessagePriority(java.lang.String)">
    <annotation name="androidx.annotation.IntDef">
      <val name="value" val="{com.google.firebase.messaging.RemoteMessage.PRIORITY_UNKNOWN, com.google.firebase.messaging.RemoteMessage.PRIORITY_HIGH, com.google.firebase.messaging.RemoteMessage.PRIORITY_NORMAL}" />
    </annotation>
  </item>
  <item name="com.google.firebase.messaging.RemoteMessage int getOriginalPriority()">
    <annotation name="androidx.annotation.IntDef">
      <val name="value" val="{com.google.firebase.messaging.RemoteMessage.PRIORITY_UNKNOWN, com.google.firebase.messaging.RemoteMessage.PRIORITY_HIGH, com.google.firebase.messaging.RemoteMessage.PRIORITY_NORMAL}" />
    </annotation>
  </item>
  <item name="com.google.firebase.messaging.RemoteMessage int getPriority()">
    <annotation name="androidx.annotation.IntDef">
      <val name="value" val="{com.google.firebase.messaging.RemoteMessage.PRIORITY_UNKNOWN, com.google.firebase.messaging.RemoteMessage.PRIORITY_HIGH, com.google.firebase.messaging.RemoteMessage.PRIORITY_NORMAL}" />
    </annotation>
  </item>
  <item name="com.google.firebase.messaging.RemoteMessage.MessagePriority">
    <annotation name="androidx.annotation.IntDef">
      <val name="value" val="{com.google.firebase.messaging.RemoteMessage.PRIORITY_UNKNOWN, com.google.firebase.messaging.RemoteMessage.PRIORITY_HIGH, com.google.firebase.messaging.RemoteMessage.PRIORITY_NORMAL}" />
    </annotation>
  </item>
  <item name="com.google.firebase.messaging.TopicOperation TopicOperation(java.lang.String, java.lang.String) 0">
    <annotation name="androidx.annotation.StringDef">
      <val name="value" val="{com.google.firebase.messaging.TopicOperation.TopicOperations.OPERATION_SUBSCRIBE, com.google.firebase.messaging.TopicOperation.TopicOperations.OPERATION_UNSUBSCRIBE}" />
    </annotation>
  </item>
</root>

